form	lemma	POS	morph
༄༅༔		PUNCT
ཞི་	ཞི་	VERB
ཁྲོ་	ཁྲོ་	VERB
ན་	ལ་	PART
རག་	རག་	VERB
དོང་	དོང་	VERB
སྤྲུགས་	སྤྲུགས་	VERB
རྣལ་འབྱོར་	རྣལ་འབྱོར་	NOUN
གྱི་	གི་	PART
སྤྱི་	སྤྱི་	DET
ཁྲུ་	ཁྲུ་	NOUN
འགྱོད་ཚངས་	འགྱོད་ཚངས་	NOUN
ཀྱི་	གི་	PART
ཆོ་ག་	ཆོ་ག་	NOUN
དྲི་མེད་	དྲི་མེད་	ADJ
བཤགས་	བཤགས་	NO_POS
རྒྱུད་	རྒྱུད་	NOUN
བཞུགས་	བཞུགས་	VERB
སོ་	གོ་	PART
༔		PUNCT
བཅོམ་ལྡན་འདས་	བཅོམ་ལྡན་འདས་	NOUN
དཔལ་	དཔལ་	OTHER
ཀུན་	ཀུན་	DET
ཏུ་	ལ་	PART
བཟང་པོ་	བཟང་པོ་	ADJ
ལ་	ལ་	PART
ཕྱག་	ཕྱག་	NOUN
འཚལ་	འཚལ་	VERB
ལོ་	གོ་	PART
༔		PUNCT
རྡོ་རྗེ་	རྡོ་རྗེ་	NOUN
པདྨ་	པདྨ་	NOUN
འབྱུང་གནས་	འབྱུང་གནས་	NOUN
ང་	ང་	OTHER
༔		PUNCT
སྐྱོ་ངལ་	སྐྱོ་ངལ་	NO_POS
མེད་པ་	མེད་པ་	VERB
འི་	གི་	PART
མཚོ་	མཚོ་	NOUN
རྒྱལ་	རྒྱལ་	VERB
ལ་	ལ་	PART
༔		PUNCT
ན་	ལ་	PART
རག་	རག་	VERB
གནས་	གནས་	NOUN
ཀྱང་	ཀྱང་	PART
དོག་	དོག་	NO_POS
སྤྲུགས་པ་	སྤྲུགས་པ་	VERB
འི་	གི་	PART
༔		PUNCT
ཉུང་	ཉུང་	VERB
བསྡུ་	བསྡུ་	VERB
མན་ངག་	མན་ངག་	NOUN
ཟབ་མོ་	ཟབ་མོ་	ADJ
འདི་	འདི་	DET
༔		PUNCT
རྒྱུན་	རྒྱུན་	NOUN
གྱི་	གི་	PART
ཡི་དམ་	ཡི་དམ་	NOUN
ནར་མ་	ནར་མ་	ADJ
འོ་	གོ་	PART
༔		PUNCT
འདི་	འདི་	DET
ཡི་	གི་	PART
ཕན་ཡོན་	ཕན་ཡོན་	NOUN
བསྟན་པ་	བསྟན་པ་	VERB
ནི་	ནི་	NO_POS
༔		PUNCT
རྒྱལ་བ་	རྒྱལ་བ་	NOUN
དགོངས་པ་	དགོངས་པ་	VERB
འདུས་པ་	འདུས་པ་	VERB
ཡི་	གི་	PART
༔		PUNCT
ཀློང་ཆེན་	ཀློང་ཆེན་	PROPN
རྒྱུད་	རྒྱུད་	NOUN
ན་	ནས་	PART
འདི་སྐད་	འདི་སྐད་	NO_POS
གསུངས་	གསུངས་	VERB
༔		PUNCT
སྒྱུ་འཕྲུལ་	སྒྱུ་འཕྲུལ་	PROPN
རྒྱལ་བ་	རྒྱལ་བ་	NOUN
ཞི་	ཞི་	VERB
ཁྲོ་	ཁྲོ་	VERB
ཡི་	གི་	PART
༔		PUNCT
དཀྱིལ་འཁོར་	དཀྱིལ་འཁོར་	NOUN
ལྷ་ཚོགས་	ལྷ་ཚོགས་	NOUN
དེ་དག་	དེ་དག་	OTHER
གི་	གི་	PART
༔		PUNCT
མཚན་	མཚན་	NOUN
རྣམས་	རྣམས་	DET
ལན་	ལན་	NOUN
གཅིག་	གཅིག་	NUM
བརྗོད་	བརྗོད་	VERB
བྱེད་	བྱེད་	VERB
ན་	ལ་	PART
༔		PUNCT
མཚམས་མེད་	མཚམས་མེད་	NOUN
ལྔ་	ལྔ་	NUM
ཡི་	གི་	PART
སྡིག་པ་	སྡིག་པ་	VERB
བྱང་	བྱང་	NOUN
༔		PUNCT
དམ་ཚིག་	དམ་ཚིག་	NOUN
ཉམས་ཆག་	ཉམས་ཆག་	OTHER
སོར་ཆུད་	སོར་ཆུད་	NO_POS
ན་	ནས་	PART
༔		PUNCT
ན་	ལ་	PART
རག་	རག་	VERB
གནས་	གནས་	NOUN
ཀྱང་	ཀྱང་	PART
དོང་	དོང་	VERB
ན་	ནས་	PART
སྤྲུགས་	སྤྲུགས་	VERB
༔		PUNCT
མཆོག་	མཆོག་	ADJ
དང་	དང་	NO_POS
ཐུན་མོང་	ཐུན་མོང་	ADJ
དངོས་གྲུབ་	དངོས་གྲུབ་	NOUN
ཐོབ་	ཐོབ་	VERB
༔		PUNCT
ཚེ་	ཚེ་	NOUN
འདི་	འདི་	DET
ར་	ལ་	PART
བདེ་ལེགས་	བདེ་ལེགས་	NOUN
ཕུན་སུམ་	ཕུན་སུམ་	OTHER
ཚོགས་	ཚོགས་	NOUN
༔		PUNCT
ཚེ་	ཚེ་	NOUN
འདའ་	འདའ་	VERB
སྐུ་གདུང་	སྐུ་གདུང་	NOUN
རིང་བསྲེལ་	རིང་བསྲེལ་	NOUN
འབྱུང་	འབྱུང་	VERB
༔		PUNCT
ཕྱི་མ་	ཕྱི་མ་	ADJ
རིག་འཛིན་	རིག་འཛིན་	OTHER
ཞིང་	ཅིང་	PART
དུ་	ལ་	PART
འགྲོ་	འགྲོ་	VERB
༔		PUNCT
དེ་སྐད་	དེ་སྐད་	NO_POS
ཀློང་	ཀློང་	NOUN
བཤགས་	བཤགས་	NO_POS
རྒྱུད་	རྒྱུད་	NOUN
ན་	ནས་	PART
གསུངས་	གསུངས་	VERB
༔		PUNCT
དེ་ཕྱིར་	དེ་ཕྱིར་	NO_POS
སྔགས་	སྔགས་	NOUN
ཀྱི་	གི་	PART
སྒོ་		
ཞུགས་	ཞུགས་	VERB
ན་	ནས་	PART
༔		PUNCT
རྒྱལ་བ་	རྒྱལ་བ་	NOUN
ཞི་	ཞི་	VERB
ཁྲོ་	ཁྲོ་	VERB
འི་	གི་	PART
ལྷ་ཚོགས་	ལྷ་ཚོགས་	NOUN
ལ་	ལ་	PART
༔		PUNCT
ཉམས་	ཉམས་	NOUN
ཆགས་	ཆགས་	VERB
བསྐང་	བསྐང་	NO_POS
ཞིང་	ཅིང་	PART
ཕྱག་	ཕྱག་	NOUN
འཚལ་	འཚལ་	VERB
ཞིང་	ཅིང་	PART
༔		PUNCT
ཨེ་མ་ཧོ་	ཨེ་མ་ཧོ་	INTJ
༔		PUNCT
ཆོས་དབྱིངས་	ཆོས་དབྱིངས་	NOUN
རབ་འབྱམས་	རབ་འབྱམས་	ADJ
རྒྱལ་བ་	རྒྱལ་བ་	NOUN
འི་	གི་	PART
དཀྱིལ་འཁོར་	དཀྱིལ་འཁོར་	NOUN
འདི་	འདི་	DET
ར་	ལ་	PART
༔		PUNCT
ཕྱོགས་	ཕྱོགས་	NOUN
བཅུ་	བཅུ་	NUM
དུས་བཞི་	དུས་བཞི་	NO_POS
རྒྱལ་བ་	རྒྱལ་བ་	NOUN
སྲ་	སྲ་	NOUN
དང་	དང་	NO_POS
བཅའ་	བཅའ་	VERB
༔		PUNCT
ཐུགས་རྗེ་	ཐུགས་རྗེ་	NOUN
ས་	གིས་	PART
འགྲོ་བ་	འགྲོ་བ་	VERB
འི་	གི་	PART
དོན་	དོན་	NOUN
དུ་	ལ་	PART
གཤེགས་	གཤེགས་	VERB
སུ་	ལ་	PART
གསོལ་	གསོལ་	VERB
༔		PUNCT
རིན་ཆེན་	རིན་ཆེན་	OTHER
པདྨ་	པདྨ་	NOUN
ཉི་ཟླ་	ཉི་ཟླ་	NOUN
འི་	གི་	PART
གདན་	གདན་	NOUN
ལ་	ལ་	PART
བཞུགས་	བཞུགས་	VERB
༔		PUNCT
ཀུན་བཟང་	ཀུན་བཟང་	ADJ
མཆོད་པ་	མཆོད་པ་	VERB
འི་	གི་	PART
སྤྲིན་	སྤྲིན་	NOUN
གྱིས་	གིས་	PART
མཆོད་པ་	མཆོད་པ་	VERB
ར་	ལ་	PART
བགྱི་	བགྱི་	VERB
༔		PUNCT
ཨ་ལ་	ཨ་ལ་	ADV
ལ་	ལ་	PART
ཧོ་	ཧོ་	NO_POS
༔		PUNCT
དོན་དམ་	དོན་དམ་	NOUN
ཆོས་དབྱིངས་	ཆོས་དབྱིངས་	NOUN
ཡུམ་	ཡུམ་	NOUN
གྱི་	གི་	PART
བྷ་	བྷ་	NO_POS
ག་	ག་	PRON
འི་	གི་	PART
ཀློང་	ཀློང་	NOUN
༔		PUNCT
མཁའ་དབྱིངས་	མཁའ་དབྱིངས་	OTHER
ཡངས་པ་	ཡངས་པ་	ADJ
འི་	གི་	PART
དཀྱིལ་འཁོར་	དཀྱིལ་འཁོར་	NOUN
ཆེན་པོ་	ཆེན་པོ་	ADJ
ན་	ལ་	PART
༔		PUNCT
བཞུགས་པ་	བཞུགས་པ་	VERB
འི་	གི་	PART
ཕྱོགས་	ཕྱོགས་	NOUN
བཅུ་	བཅུ་	NUM
འི་	གི་	PART
དུས་གསུམ་	དུས་གསུམ་	OTHER
བདེ་བ་	བདེ་བ་	VERB
ར་	ལ་	PART
གཤེགས་	གཤེགས་	VERB
༔		PUNCT
རྒྱལ་བ་	རྒྱལ་བ་	NOUN
རྒྱ་མཚོ་	རྒྱ་མཚོ་	NOUN
འི་	གི་	PART
ཚོགས་	ཚོགས་	NOUN
ལ་	ལ་	PART
ཕྱག་	ཕྱག་	NOUN
འཚལ་	འཚལ་	VERB
ལོ་	གོ་	PART
༔		PUNCT
ཨ་ལ་	ཨ་ལ་	ADV
ལ་	ལ་	PART
ཧོ་	ཧོ་	NO_POS
༔		PUNCT
ཞི་བ་	ཞི་བ་	VERB
ལྷུན་	ལྷུན་	NOUN
གྱིས་	གིས་	PART
གྲུབ་པ་	གྲུབ་པ་	VERB
འི་	གི་	PART
དཀྱིལ་འཁོར་	དཀྱིལ་འཁོར་	NOUN
ན་	ནས་	PART
༔		PUNCT
གསལ་	གསལ་	VERB
འཚེར་	འཚེར་	VERB
ལྷུན་	ལྷུན་	NOUN
སྡུག་	སྡུག་	VERB
གཟི་བརྗིད་	གཟི་བརྗིད་	NOUN
རབ་ཏུ་	རབ་ཏུ་	NO_POS
འཕྲོ་	འཕྲོ་	NOUN
༔		PUNCT
མཉེན་ལྕུག་	མཉེན་ལྕུག་	NO_POS
འཁྲིལ་ལྡེམ་	འཁྲིལ་ལྡེམ་	NO_POS
ཞི་བ་	ཞི་བ་	VERB
འི་	གི་	PART
ཚུལ་	ཚུལ་	NOUN
དགུ་	དགུ་	NUM
ལྡན་	ལྡན་	VERB
༔		PUNCT
སངས་རྒྱས་	སངས་རྒྱས་	NOUN
བཞི་	བཞི་	NUM
བཅུ་གཉིས་	བཅུ་གཉིས་	NO_POS
ལ་	ལ་	PART
ཕྱག་	ཕྱག་	NOUN
འཚལ་	འཚལ་	VERB
ལོ་	གོ་	PART
༔		PUNCT
ཨ་ལ་	ཨ་ལ་	ADV
ལ་	ལ་	PART
ཧོ་	ཧོ་	NO_POS
༔		PUNCT
ཆོ་	ཆོ་	NOUN
རྣམས་	རྣམས་	DET
རྣམ་དག་	རྣམ་དག་	ADJ
ཡེ་ནས་	ཡེ་ནས་	NO_POS
ལྷུན་གྲུབ་	ལྷུན་གྲུབ་	OTHER
ཅིང་	ཅིང་	PART
༔		PUNCT
བྱ་བ་	བྱ་བ་	VERB
བྱེད་	བྱེད་	VERB
དང་	དང་	NO_POS
ཡིད་	ཡིད་	NOUN
ཆོ་	ཆོ་	NOUN
རྣམ་པ་	རྣམ་པ་	NOUN
ར་	ལ་	PART
དག་	དག་	DET
༔		PUNCT
ཆོས་དབྱིངས་	ཆོས་དབྱིངས་	NOUN
ཡེ་ཤེས་	ཡེ་ཤེས་	NOUN
མཆོག་	མཆོག་	ADJ
ལ་	ལ་	PART
མངའ་	མངའ་	VERB
བརྙེས་པ་	བརྙེས་པ་	VERB
༔		PUNCT
ཀུན་བཟང་	ཀུན་བཟང་	ADJ
ཡབ་ཡུམ་	ཡབ་ཡུམ་	NOUN
གཉིས་	གཉིས་	NUM
ལ་	ལ་	PART
ཕྱག་	ཕྱག་	NOUN
འཚལ་	འཚལ་	VERB
ལོ་	གོ་	PART
༔		PUNCT
ཆོས་སྐུ་	ཆོས་སྐུ་	NOUN
ནམ་མཁའ་	ནམ་མཁའ་	NOUN
བཞིན་	བཞིན་	NOUN
དུ་	ལ་	PART
དབྱེ་	དབྱེ་	VERB
ར་	ལ་	PART
མེད་	མེད་	VERB
ཀྱང་	ཀྱང་	PART
༔		PUNCT
གཟུགས་སྐུ་	གཟུགས་སྐུ་	NOUN
འཇའ་ཚོན་	འཇའ་ཚོན་	NOUN
བཞིན་	བཞིན་	NOUN
དུ་	ལ་	PART
སོ་སོ་	སོ་སོ་	PRON
ར་	ལ་	PART
གསལ་	གསལ་	VERB
༔		PUNCT
ཐབས་	ཐབས་	NOUN
དང་	དང་	NO_POS
ཤེས་རབ་	ཤེས་རབ་	NOUN
མཆོག་	མཆོག་	ADJ
ལ་	ལ་	PART
མངའ་	མངའ་	VERB
བརྙེས་པ་	བརྙེས་པ་	VERB
༔		PUNCT
རིགས་	རིགས་	NOUN
ལྔ་	ལྔ་	NUM
བདེ་བ་	བདེ་བ་	VERB
ར་	ལ་	PART
གཤེགས་	གཤེགས་	VERB
ལ་	ལ་	PART
ཕྱག་	ཕྱག་	NOUN
འཚལ་	འཚལ་	VERB
ལོ་	གོ་	PART
༔		PUNCT
ངོ་མཚར་	ངོ་མཚར་	ADJ
ཕོ་བྲང་	ཕོ་བྲང་	NOUN
བདེ་བ་	བདེ་བ་	VERB
ར་	ལ་	PART
གཤེགས་པ་	གཤེགས་པ་	VERB
འི་	གི་	PART
ཡུམ་	ཡུམ་	NOUN
༔		PUNCT
དུས་གསུམ་	དུས་གསུམ་	OTHER
རྒྱལ་བ་	རྒྱལ་བ་	NOUN
ཐམས་ཅད་	ཐམས་ཅད་	DET
བསྐྱེད་	བསྐྱེད་	VERB
མཛད་	མཛད་	VERB
མ་	མ་	PART
༔		PUNCT
བདེ་སྟོང་	བདེ་སྟོང་	NOUN
ཟུང་འཇུག་	ཟུང་འཇུག་	NOUN
ཡབ་	ཡབ་	NOUN
ཀྱི་	གི་	PART
སྐུ་	སྐུ་	NOUN
ལ་	ལ་	PART
འཁྲིལ་	འཁྲིལ་	NO_POS
༔		PUNCT
རིགས་	རིགས་	NOUN
ཀྱི་	གི་	PART
ཡུམ་	ཡུམ་	NOUN
མཆོག་	མཆོག་	ADJ
རྣམས་	རྣམས་	DET
ལ་	ལ་	PART
ཕྱགས་	ཕྱགས་	NOUN
འཚལ་	འཚལ་	VERB
ལོ་	གོ་	PART
༔		PUNCT
རྣམ་ཤེས་	རྣམ་ཤེས་	NOUN
དབང་པོ་	དབང་པོ་	NOUN
དག་པ་	དག་པ་	VERB
འི་	གི་	PART
སྐུ་གསུང་ཐུགས་	སྐུ་གསུང་ཐུགས་	NOUN
༔		PUNCT
བདེ་བ་	བདེ་བ་	VERB
ར་	ལ་	PART
གཤེགས་པ་	གཤེགས་པ་	VERB
རྣམས་	རྣམས་	DET
ཀྱི་	གི་	PART
སྲ་	སྲ་	NOUN
མཆོག་	མཆོག་	ADJ
སྟེ་	སྟེ་	PART
༔		PUNCT
ཉོན་མོངས་	ཉོན་མོངས་	NOUN
སྤྱོད་པ་	སྤྱོད་པ་	VERB
འི་	གི་	PART
རྐྱེན་	རྐྱེན་	NOUN
དང་	དང་	NO_POS
བྲལ་བ་	བྲལ་བ་	VERB
ཡི་	གི་	PART
༔		PUNCT
སེམས་དཔའ་	སེམས་དཔའ་	NOUN
ཆེན་པོ་	ཆེན་པོ་	ADJ
བརྒྱད་	བརྒྱད་	NUM
ལ་	ལ་	PART
ཕྱག་	ཕྱག་	NOUN
འཚལ་	འཚལ་	VERB
ལོ་	གོ་	PART
༔		PUNCT
སྒེག་མོ་	སྒེག་མོ་	NOUN
ཕྲེང་ཐོགས་	ཕྲེང་ཐོགས་	NO_POS
རིན་ཆེན་	རིན་ཆེན་	OTHER
གླུ་གར་	གླུ་གར་	NOUN
བཅའ་	བཅའ་	VERB
༔		PUNCT
བདུག་སྤོས་	བདུག་སྤོས་	NOUN
མེ་ཏོག་	མེ་ཏོག་	NOUN
སྣང་གསལ་	སྣང་གསལ་	OTHER
དྲི་ཆབ་	དྲི་ཆབ་	NO_POS
མ་	མ་	PART
༔		PUNCT
རྒྱལ་བ་	རྒྱལ་བ་	NOUN
འི་	གི་	PART
དཀྱིལ་འཁོར་	དཀྱིལ་འཁོར་	NOUN
མཆོད་པ་	མཆོད་པ་	VERB
ས་	གིས་	PART
མཉེས་	མཉེས་	VERB
མཛད་	མཛད་	VERB
མ་	མ་	PART
༔		PUNCT
མཆོད་པ་	མཆོད་པ་	VERB
འི་	གི་	PART
ལྷ་མོ་	ལྷ་མོ་	NOUN
བརྒྱད་	བརྒྱད་	NUM
ལ་	ལ་	PART
ཕྱག་	ཕྱག་	NOUN
འཚལ་	འཚལ་	VERB
ལོ་	གོ་	PART
༔		PUNCT
དྲག་ཤུལ་	དྲག་ཤུལ་	NOUN
ཐབས་	ཐབས་	NOUN
ཀྱིས་	གིས་	PART
འགྲོ་བ་	འགྲོ་བ་	VERB
འདུལ་	འདུལ་	NO_POS
མཛད་པ་	མཛད་པ་	VERB
༔		PUNCT
བདུད་	བདུད་	NOUN
ཀྱི་	གི་	PART
དཔུང་	དཔུང་	NOUN
དང་	དང་	NO_POS
བགེགས་	བགེགས་	NOUN
ཚོགས་	ཚོགས་	NOUN
རྣམ་པ་	རྣམ་པ་	NOUN
ར་	ལ་	PART
འཇོམས་	འཇོམས་	NO_POS
༔		PUNCT
ཚད་	ཚད་	NOUN
མེད་	མེད་	VERB
བཞི་	བཞི་	NUM
ལྡན་	ལྡན་	VERB
སྒོ་	སྒོ་	NOUN
བཞི་	བཞི་	NUM
ཐུབ་པ་	ཐུབ་པ་	VERB
ར་	ལ་	PART
སྲུང་	སྲུང་	VERB
༔		PUNCT
ཏ་	ཏ་	OTHER
ཀྲིཏ་		NON_WORD
སྒོ་བ་	སྒོ་བ་	NOUN
བཞི་	བཞི་	NUM
ལ་	ལ་	PART
ཕྱགས་	ཕྱགས་	NOUN
འཚལ་	འཚལ་	VERB
ལོ་	གོ་	PART
༔		PUNCT
རྟག་ཆད་	རྟག་ཆད་	NOUN
མཐ་	མཐའ་	NOUN
ར་	ལ་	PART
ཕྱིན་	ཕྱིན་	VERB
གསང་བ་	གསང་བ་	VERB
ཡུམ་	ཡུམ་	NOUN
གྱི་	གི་	PART
ངང་	ངང་	NOUN
༔		PUNCT
མི་	མི་	PART
མཐུན་	མཐུན་	VERB
ཕྱོགས་	ཕྱོགས་	NOUN
འཇོམས་	འཇོམས་	NO_POS
རབ་	རབ་	ADV
འཇིགས་	འཇིགས་	VERB
ཁྲོ་མོ་	ཁྲོ་མོ་	OTHER
འི་	གི་	PART
ཚུལ་	ཚུལ་	NOUN
༔		PUNCT
ལྕགས་ཀྱུ་	ལྕགས་ཀྱུ་	NOUN
ཞགས་པ་	ཞགས་པ་	NOUN
ལྕགས་	ལྕགས་	NOUN
སྒྲོགས་	སྒྲོགས་	VERB
དྲིལ་	དྲིལ་	VERB
ཁྲོལ་མ་	ཁྲོལ་མ་	NO_POS
༔		PUNCT
ཡེ་ཤེས་	ཡེ་ཤེས་	NOUN
སྒོ་མ་	སྒོ་མ་	NO_POS
བཞི་	བཞི་	NUM
ལ་	ལ་	PART
ཕྱག་	ཕྱག་	NOUN
འཚལ་	འཚལ་	VERB
ལོ་	གོ་	PART
༔		PUNCT
སྟེང་འོག་	སྟེང་འོག་	NOUN
ཕྱོགས་	ཕྱོགས་	NOUN
བཅུ་	བཅུ་	NUM
འཇིག་རྟེན་	འཇིག་རྟེན་	NOUN
འདུལ་བ་	འདུལ་བ་	VERB
འི་	གི་	PART
གཙོ་	གཙོ་	NOUN
༔		PUNCT
ཉོན་མོངས་	ཉོན་མོངས་	NOUN
དྲུག་	དྲུག་	NUM
འཇོམས་	འཇོམས་	NO_POS
རྒྱུད་	རྒྱུད་	NOUN
དྲུག་	དྲུག་	NUM
དག་པ་	དག་པ་	VERB
ར་	ལ་	PART
སྦྱངས་	སྦྱངས་	VERB
༔		PUNCT
འགྲོ་	འགྲོ་	VERB
དྲུག་	དྲུག་	NUM
འདྲེན་	འདྲེན་	NO_POS
ཕྱི་	ཕྱི་	OTHER
སྤྲུལ་པ་	སྤྲུལ་པ་	VERB
འི་	གི་	PART
སྐུ་	སྐུ་	NOUN
སྟོན་པ་	སྟོན་པ་	NOUN
༔		PUNCT
བཅོམ་ལྡན་	བཅོམ་ལྡན་	NOUN
ཐུབ་པ་	ཐུབ་པ་	VERB
དྲུག་	དྲུག་	NUM
ལ་	ལ་	PART
ཕྱག་	ཕྱག་	NOUN
འཚལ་	འཚལ་	VERB
ལོ་	གོ་	PART
༔		PUNCT
ཨ་ལ་	ཨ་ལ་	ADV
ལ་	ལ་	PART
ཧོ་	ཧོ་	NO_POS
༔		PUNCT
སྒྱུ་འཕྲུལ་	སྒྱུ་འཕྲུལ་	PROPN
ཞི་བ་	ཞི་བ་	VERB
འི་	གི་	PART
ལྷ་ཚོགས་	ལྷ་ཚོགས་	NOUN
འདི་དག་	འདི་དག་	NO_POS
གི་	གི་	PART
༔		PUNCT
མཚན་	མཚན་	NOUN
ནི་	ནི་	NO_POS
ལན་	ལན་	NOUN
གཅིག་	གཅིག་	NUM
བརྗོད་	བརྗོད་	VERB
བྱེད་	བྱེད་	VERB
ཅིང་	ཅིང་	PART
༔		PUNCT
གང་	གང་	NO_POS
གི་གུ་	གི་གུ་	NO_POS
ས་པ་	ས་པ་	PART
ས་	གིས་	PART
ཕྱག་	ཕྱག་	NOUN
འཚལ་	འཚལ་	VERB
ན་	ལ་	PART
༔		PUNCT
ཉམས་ཆག་	ཉམས་ཆག་	OTHER
བསྐང་	བསྐང་	NO_POS
ན་	ནས་	PART
དངོས་གྲུབ་	དངོས་གྲུབ་	NOUN
ཐོབ་	ཐོབ་	VERB
༔		PUNCT
དེ་ཕྱིར་	དེ་ཕྱིར་	NO_POS
གུས་པ་	གུས་པ་	VERB
ས་	གིས་	PART
ཕྱག་	ཕྱག་	NOUN
འཚལ་	འཚལ་	VERB
ལོ་	གོ་	PART
༔		PUNCT
ཨ་ལ་	ཨ་ལ་	ADV
ལ་	ལ་	PART
ཧོ་	ཧོ་	NO_POS
༔		PUNCT
ཁྲོ་བོ་	ཁྲོ་བོ་	NOUN
རྨད་	རྨད་	VERB
དུ་	ལ་	PART
བྱུང་བ་	བྱུང་བ་	VERB
འི་	གི་	PART
དཀྱིལ་འཁོར་	དཀྱིལ་འཁོར་	NOUN
ན་	ནས་	PART
༔		PUNCT
སྒེག་པ་	སྒེག་པ་	VERB
དཔའ་བ་	དཔའ་བ་	VERB
འཇིགས་	འཇིགས་	VERB
སུ་	ལ་	PART
རུང་བ་	རུང་བ་	VERB
དང་	དང་	NO_POS
༔		PUNCT
རྒོད་	རྒོད་	NOUN
དང་	དང་	NO_POS
གཤེ་བ་	གཤེ་བ་	VERB
ཁྲོ་བ་	ཁྲོ་བ་	VERB
ར་	ལ་	PART
བསྟན་པ་	བསྟན་པ་	VERB
དང་	དང་	NO_POS
༔		PUNCT
སྙིང་རྗེ་	སྙིང་རྗེ་	NOUN
རྔམ་	རྔམ་	VERB
དང་	དང་	NO_POS
ཞི་བ་	ཞི་བ་	VERB
འི་	གི་	PART
སྐུ་	སྐུ་	NOUN
སྟོན་པ་	སྟོན་པ་	NOUN
༔		PUNCT
འབར་བ་	འབར་བ་	VERB
ལྔ་	ལྔ་	NUM
བཅུ་	བཅུ་	NUM
བརྒྱད་	བརྒྱད་	NUM
ལ་	ལ་	PART
ཕྱག་	ཕྱག་	NOUN
འཚལ་	འཚལ་	VERB
ལོ་	གོ་	PART
༔		PUNCT
ཨ་ལ་	ཨ་ལ་	ADV
ལ་	ལ་	PART
ཧོ་	ཧོ་	NO_POS
༔		PUNCT
ཆོས་སྐུ་	ཆོས་སྐུ་	NOUN
སྐྱེ་	སྐྱེ་	NOUN
མེད་	མེད་	VERB
ངང་	ངང་	NOUN
ལས་མ་	ལས་མ་	NO_POS
གཡོ་	གཡོ་	VERB
ཀྱང་	ཀྱང་	PART
༔		PUNCT
གཟུགས་སྐུ་	གཟུགས་སྐུ་	NOUN
འཇིགས་པ་	འཇིགས་པ་	VERB
འི་	གི་	PART
ཆ་ལུགས་	ཆ་ལུགས་	NOUN
སྐུ་	སྐུ་	NOUN
སྟོན་པ་	སྟོན་པ་	NOUN
༔		PUNCT
གདུག་པ་	གདུག་པ་	ADJ
འདུལ་	འདུལ་	NO_POS
མཛད་	མཛད་	VERB
ཁྲོ་	ཁྲོ་	VERB
ཆེན་	ཆེན་	NO_POS
འབར་བ་	འབར་བ་	VERB
འི་	གི་	PART
སྐུ་	སྐུ་	NOUN
༔		PUNCT
དཔལ་	དཔལ་	OTHER
ཆེན་	ཆེན་	NO_POS
ཧེ་རུ་ཀ་	ཧེ་རུ་ཀ་	NOUN
ལ་	ལ་	PART
ཕྱག་	ཕྱག་	NOUN
འཚལ་	འཚལ་	VERB
ལོ་	གོ་	PART
༔		PUNCT
ཁྲོ་རྒྱལ་	ཁྲོ་རྒྱལ་	NO_POS
དབང་ཕྱུག་	དབང་ཕྱུག་	NOUN
སྐུ་	སྐུ་	NOUN
ལ་	ལ་	PART
འཁྲིལ་	འཁྲིལ་	NO_POS
མཛད་	མཛད་	VERB
ཅིང་	ཅིང་	PART
༔		PUNCT
དགྱེས་པ་	དགྱེས་པ་	VERB
བསྐྱེད་	བསྐྱེད་	VERB
ཕྱི་	ཕྱི་	OTHER
དུང་ཁྲག་	དུང་ཁྲག་	NO_POS
ཡབ་	ཡབ་	NOUN
ལ་	ལ་	PART
སྟོབས་	སྟོབས་	NOUN
༔		PUNCT
ཁྲོ་མོ་	ཁྲོ་མོ་	OTHER
མི་ཟད་	མི་ཟད་	NO_POS
འབར་བ་	འབར་བ་	VERB
འི་	གི་	PART
སྤྲིན་	སྤྲིན་	NOUN
འཕྲོ་མ་	འཕྲོ་མ་	NO_POS
༔		PUNCT
ཀྲོ་		NON_WORD
ཏི་	ཏི་	NO_POS
ཤྭ་	ཤྭ་	NO_POS
རི་	རི་	NOUN
ཡུམ་	ཡུམ་	NOUN
ལ་	ལ་	PART
ཕྱག་	ཕྱག་	NOUN
འཚལ་	འཚལ་	VERB
ལོ་	གོ་	PART
༔		PUNCT
ཐུགས་རྗེ་	ཐུགས་རྗེ་	NOUN
ཐབས་མཁས་	ཐབས་མཁས་	NO_POS
མ་རུངས་	མ་རུངས་	NO_POS
འདུལ་	འདུལ་	NO_POS
མཛད་	མཛད་	VERB
ཅིང་	ཅིང་	PART
༔		PUNCT
ཡེ་ཤེས་	ཡེ་ཤེས་	NOUN
མཚོན་ཆ་	མཚོན་ཆ་	NOUN
ས་	གིས་	PART
ཉོན་མོངས་	ཉོན་མོངས་	NOUN
མ་	མ་	PART
ལུས་	ལུས་	NOUN
འཇོམས་	འཇོམས་	NO_POS
༔		PUNCT
སྲིད་	སྲིད་	NOUN
གསུམ་	གསུམ་	NUM
བླ་མེད་	བླ་མེད་	ADJ
དབྱིངས་	དབྱིངས་	NOUN
སུ་	ལ་	PART
བསྒྲལ་	བསྒྲལ་	NO_POS
མཛད་པ་	མཛད་པ་	VERB
༔		PUNCT
རིགས་བཞི་	རིགས་བཞི་	NO_POS
ཁྲག་འཐུང་	ཁྲག་འཐུང་	PROPN
ཚོགས་	ཚོགས་	NOUN
ལ་	ལ་	PART
ཕྱག་	ཕྱག་	NOUN
འཚལ་	འཚལ་	VERB
ལོ་	གོ་	PART
༔		PUNCT
ཁྲག་འཐུང་	ཁྲག་འཐུང་	PROPN
སོ་སོ་	སོ་སོ་	PRON
འི་	གི་	PART
ཡབ་	ཡབ་	NOUN
ཀྱི་	གི་	PART
སྐུ་	སྐུ་	NOUN
ལ་	ལ་	PART
འཁྲིལ་	འཁྲིལ་	NO_POS
༔		PUNCT
ཁྲོ་མོ་	ཁྲོ་མོ་	OTHER
འི་	གི་	PART
གཟུགས་	གཟུགས་	NOUN
ཀྱིས་	གིས་	PART
ལོག་ལྟ་	ལོག་ལྟ་	NOUN
ཟིལ་	ཟིལ་	NOUN
གྱིས་	གིས་	PART
གནོན་	གནོན་	VERB
༔		PUNCT
འགྲོ་	འགྲོ་	VERB
རྣམས་	རྣམས་	DET
ཐུགས་རྗེ་	ཐུགས་རྗེ་	NOUN
ས་	གིས་	PART
འདྲེན་	འདྲེན་	NO_POS
ཕྱི་	ཕྱི་	OTHER
མཛད་པ་	མཛད་པ་	VERB
འི་	གི་	PART
ཡུམ་	ཡུམ་	NOUN
༔		PUNCT
རིགས་བཞི་	རིགས་བཞི་	NO_POS
ཁྲོ་མོ་	ཁྲོ་མོ་	OTHER
ཡུམ་	ཡུམ་	NOUN
ལ་	ལ་	PART
ཕྱག་	ཕྱག་	NOUN
འཚལ་	འཚལ་	VERB
ལོ་	གོ་	PART
༔		PUNCT
བསྐལ་པ་	བསྐལ་པ་	NOUN
མེ་	མེ་	NOUN
ལྟ་	ལྟ་	OTHER
འབར་བ་	འབར་བ་	VERB
འི་	གི་	PART
ཀློང་	ཀློང་	NOUN
དཀྱིལ་	དཀྱིལ་	NOUN
ན་	ནས་	PART
༔		PUNCT
སྒེག་མོ་	སྒེག་མོ་	NOUN
ལ་སོགས་	ལ་སོགས་	NO_POS
འབར་བ་	འབར་བ་	VERB
འི་	གི་	PART
ཉམས་ལྡན་	ཉམས་ལྡན་	OTHER
ཞིང་	ཅིང་	PART
༔		PUNCT
ཡེ་ཤེས་	ཡེ་ཤེས་	NOUN
སྐུ་	སྐུ་	NOUN
མཆོག་	མཆོག་	ADJ
འཇིགས་བྱེད་	འཇིགས་བྱེད་	OTHER
རྒྱན་	རྒྱན་	NOUN
གྱིས་	གིས་	PART
བཞུགས་	བཞུགས་	VERB
༔		PUNCT
ཀེའུ་	ཀེའུ་	NO_POS
རི་	རི་	NOUN
ཁྲོ་མོ་	ཁྲོ་མོ་	OTHER
བརྒྱད་	བརྒྱད་	NUM
ལ་	ལ་	PART
ཕྱག་	ཕྱག་	NOUN
འཚལ་	འཚལ་	VERB
ལོ་	གོ་	PART
༔		PUNCT
ནམ་མཁ་	ནམ་མཁའ་	NOUN
འི་	གི་	PART
ལུས་ཅན་	ལུས་ཅན་	NOUN
ག་	ག་	NOUN
ཡང་	ཀྱང་	PART
ཐོགས་པ་	ཐོགས་པ་	VERB
མེད་	མེད་	VERB
༔		PUNCT
འདོད་དགུ་	འདོད་དགུ་	OTHER
ར་	ལ་	PART
སྒྱུར་བ་	སྒྱུར་བ་	VERB
འི་	གི་	PART
གཟུགས་ཅན་	གཟུགས་ཅན་	ADJ
འཕྲུལ་	འཕྲུལ་	VERB
མོ་	གོ་	PART
ཆེ་	ཆེ་	VERB
༔		PUNCT
མ་	མ་	PART
སྲིང་	སྲིང་	NO_POS
བྱམས་པ་	བྱམས་པ་	PROPN
འི་	གི་	PART
ཚུལ་	ཚུལ་	NOUN
དུ་	ལ་	PART
གྲོག་	གྲོག་	NOUN
མཛད་	མཛད་	VERB
མ་	མ་	PART
༔		PUNCT
སིངྷ་		NON_WORD
ཕྲ་མེན་	ཕྲ་མེན་	NO_POS
བརྒྱད་	བརྒྱད་	NUM
ལ་	ལ་	PART
ཕྱག་	ཕྱག་	NOUN
འཚལ་	འཚལ་	VERB
ལོ་	གོ་	PART
༔		PUNCT
རྡོ་རྗེ་	རྡོ་རྗེ་	NOUN
གདོང་	གདོང་	NOUN
མོ་	གོ་	PART
ཕོ་ཉ་	ཕོ་ཉ་	NOUN
མགྱོགས་	མགྱོགས་	VERB
མ་	མ་	PART
བཞི་	བཞི་	NUM
༔		PUNCT
འགུགས་	འགུགས་	NO_POS
དང་	དང་	NO_POS
འཆིང་	འཆིང་	NO_POS
སྡོམ་	སྡོམ་	NOUN
མྱོས་པ་	མྱོས་པ་	VERB
འི་	གི་	PART
ལ་	ལ་	ADP
ས་	གིས་	PART
ཀུན་	ཀུན་	DET
མཛད་	མཛད་	VERB
༔		PUNCT
ཤར་ལྷོ་	ཤར་ལྷོ་	NOUN
ནུབ་བྱང་	ནུབ་བྱང་	OTHER
སྒོ་	སྒོ་	NOUN
བཞི་	བཞི་	NUM
ཐུབ་པ་	ཐུབ་པ་	VERB
ར་	ལ་	PART
སྲུང་	སྲུང་	VERB
༔		PUNCT
སྒོ་སྲུང་	སྒོ་སྲུང་	NOUN
ཁྲོ་མོ་	ཁྲོ་མོ་	OTHER
བཞི་	བཞི་	NUM
ལ་	ལ་	PART
ཕྱག་	ཕྱག་	NOUN
འཚལ་	འཚལ་	VERB
ལོ་	གོ་	PART
༔		PUNCT
དཔལ་	དཔལ་	OTHER
གྱི་	གི་	PART
འཁོར་	འཁོར་	NOUN
ཚོགས་	ཚོགས་	NOUN
བཛྲ་	བཛྲ་	NO_POS
ཨ་ར་	ཨ་ར་	NO_POS
ལི་	ལི་	OTHER
༔		PUNCT
མཁའ་འགྲོ་	མཁའ་འགྲོ་	NOUN
ཤུགས་འགྲོ་	ཤུགས་འགྲོ་	NO_POS
མ་	མ་	PART
ཚོགས་	ཚོགས་	NOUN
དབང་ཕྱུག་	དབང་ཕྱུག་	NOUN
མ་	མ་	PART
༔		PUNCT
སྲིན་མོ་	སྲིན་མོ་	NOUN
འི་	གི་	PART
ཆ་ལུགས་	ཆ་ལུགས་	NOUN
འཇིགས་པ་	འཇིགས་པ་	VERB
འི་	གི་	PART
མགོ་བརྙན་	མགོ་བརྙན་	NO_POS
ཅན་	ཅན་	PART
༔		PUNCT
རྣལ་འབྱོར་	རྣལ་འབྱོར་	NOUN
ཉི་ཤུ་	ཉི་ཤུ་	NUM
བརྒྱད་	བརྒྱད་	NUM
ལ་	ལ་	PART
ཕྱག་	ཕྱག་	NOUN
འཚལ་	འཚལ་	VERB
ལོ་	གོ་	PART
༔		PUNCT
ཕྱོགས་	ཕྱོགས་	NOUN
བཅུ་	བཅུ་	NUM
དྲེགས་པ་	དྲེགས་པ་	VERB
བསྣོལ་བ་	བསྣོལ་བ་	NO_POS
འི་	གི་	PART
གདན་	གདན་	NOUN
སྟེང་	སྟེང་	NOUN
དུ་	ལ་	PART
༔		PUNCT
ཡེ་ཤེས་	ཡེ་ཤེས་	NOUN
བསྐལ་པ་	བསྐལ་པ་	NOUN
མེ་	མེ་	NOUN
ལྟ་	ལྟ་	OTHER
འབར་བ་	འབར་བ་	VERB
འི་	གི་	PART
ཀློང་	ཀློང་	NOUN
༔		PUNCT
མི་དགེ་	མི་དགེ་	NOUN
ཚར་གཅོད་	ཚར་གཅོད་	NOUN
དགེ་	དགེ་	NOUN
བཅུ་	བཅུ་	NUM
དོན་	དོན་	NOUN
དུ་	ལ་	PART
བསྐུལ་	བསྐུལ་	VERB
༔		PUNCT
ཕྱོགས་	ཕྱོགས་	NOUN
བཅུ་	བཅུ་	NUM
འི་	གི་	PART
ཁྲོ་རྒྱལ་	ཁྲོ་རྒྱལ་	NO_POS
རྣམས་	རྣམས་	DET
ལ་	ལ་	PART
ཕྱག་	ཕྱག་	NOUN
འཚལ་	འཚལ་	VERB
ལོ་	གོ་	PART
༔		PUNCT
ཨ་ལ་	ཨ་ལ་	ADV
ལ་	ལ་	PART
ཧོ་	ཧོ་	NO_POS
༔		PUNCT
སྒྱུ་འཕྲུལ་	སྒྱུ་འཕྲུལ་	PROPN
ཞི་	ཞི་	VERB
ཁྲོ་	ཁྲོ་	VERB
འི་	གི་	PART
ལྷ་ཚོགས་	ལྷ་ཚོགས་	NOUN
འདི་དག་	འདི་དག་	NO_POS
གི་	གི་	PART
༔		PUNCT
མཚན་	མཚན་	NOUN
ནི་	ནི་	NO_POS
ལན་	ལན་	NOUN
གཅིག་	གཅིག་	NUM
བརྗོད་	བརྗོད་	VERB
བྱེད་	བྱེད་	VERB
ཅིང་	ཅིང་	PART
༔		PUNCT
གང་	གང་	NO_POS
གི་གུ་	གི་གུ་	NO_POS
ས་པ་	ས་པ་	PART
ས་	གིས་	PART
ཕྱག་	ཕྱག་	NOUN
འཚལ་	འཚལ་	VERB
ན་	ལ་	PART
༔		PUNCT
ཉམས་	ཉམས་	NOUN
ཆགས་	ཆགས་	VERB
བསྐང་	བསྐང་	NO_POS
ན་	ནས་	PART
དངོས་གྲུབ་	དངོས་གྲུབ་	NOUN
ཐོབ་	ཐོབ་	VERB
༔		PUNCT
དེ་ཕྱིར་	དེ་ཕྱིར་	NO_POS
གུས་པ་	གུས་པ་	VERB
ས་	གིས་	PART
ཕྱག་	ཕྱག་	NOUN
འཚལ་	འཚལ་	VERB
ལོ་	གོ་	PART
༔		PUNCT
ཨ་ལ་	ཨ་ལ་	ADV
ལ་	ལ་	PART
ཧོ་	ཧོ་	NO_POS
༔		PUNCT
དུས་གསུམ་	དུས་གསུམ་	OTHER
སངས་རྒྱས་	སངས་རྒྱས་	NOUN
ཡོན་ཏན་	ཡོན་ཏན་	NOUN
ཀུན་	ཀུན་	DET
རྫོགས་	རྫོགས་	VERB
ཤིང་	ཅིང་	PART
༔		PUNCT
གདུལ་བྱ་	གདུལ་བྱ་	NOUN
མ་	མ་	PART
ལུས་	ལུས་	NOUN
སྨིན་	སྨིན་	VERB
ཅིང་	ཅིང་	PART
གྲོལ་	གྲོལ་	VERB
མཛད་པ་	མཛད་པ་	VERB
༔		PUNCT
བླ་མ་	བླ་མ་	NOUN
རིག་འཛིན་	རིག་འཛིན་	OTHER
ཚོགས་	ཚོགས་	NOUN
ལ་	ལ་	PART
ཕྱག་	ཕྱག་	NOUN
འཚལ་	འཚལ་	VERB
ལོ་	གོ་	PART
༔		PUNCT
སྐྱེ་	སྐྱེ་	NOUN
མེད་	མེད་	VERB
ཆོ་	ཆོ་	NOUN
ཀྱི་	གི་	PART
སྐུ་	སྐུ་	NOUN
ལ་	ལ་	PART
ཕྱག་	ཕྱག་	NOUN
འཚལ་	འཚལ་	VERB
ལོ་	གོ་	PART
༔		PUNCT
ལོངས་སྤྱོད་	ལོངས་སྤྱོད་	NOUN
རྫོགས་པ་	རྫོགས་པ་	VERB
འི་	གི་	PART
སྐུ་	སྐུ་	NOUN
ལ་	ལ་	PART
ཕྱག་	ཕྱག་	NOUN
འཚལ་	འཚལ་	VERB
ལོ་	གོ་	PART
༔		PUNCT
ཅིར་	ཅིར་	NO_POS
ཡང་སྤྲུལ་པ་	ཡང་སྤྲུལ་པ་	OTHER
འི་	གི་	PART
སྐུ་	སྐུ་	NOUN
ལ་	ལ་	PART
ཕྱག་	ཕྱག་	NOUN
འཚལ་	འཚལ་	VERB
ལོ་	གོ་	PART
༔		PUNCT
མི་	མི་	PART
འགྱུར་	འགྱུར་	VERB
རྡོ་རྗེ་	རྡོ་རྗེ་	NOUN
འི་	གི་	PART
སྐུ་	སྐུ་	NOUN
ལ་	ལ་	PART
ཕྱག་	ཕྱག་	NOUN
འཚལ་	འཚལ་	VERB
ལོ་	གོ་	PART
༔		PUNCT
མངོན་པ་	མངོན་པ་	OTHER
བྱང་ཆུབ་	བྱང་ཆུབ་	NOUN
སྐུ་	སྐུ་	NOUN
ལ་	ལ་	PART
ཕྱག་	ཕྱག་	NOUN
འཚལ་	འཚལ་	VERB
ལོ་	གོ་	PART
༔		PUNCT
དུས་གསུམ་	དུས་གསུམ་	OTHER
རྒྱལ་བ་	རྒྱལ་བ་	NOUN
ཀུན་	ཀུན་	DET
གྱི་	གི་	PART
བསྒྲུབ་པ་	བསྒྲུབ་པ་	VERB
འི་	གི་	PART
གནས་	གནས་	NOUN
༔		PUNCT
ཚོགས་	ཚོགས་	NOUN
གཉིས་	གཉིས་	NUM
རྫོགས་	རྫོགས་	VERB
ན་	ནས་	PART
ཡོན་ཏན་	ཡོན་ཏན་	NOUN
མཐ་	མཐའ་	NOUN
ར་	ལ་	PART
ཕྱིན་པ་	ཕྱིན་པ་	VERB
ས་	གིས་	PART
༔		PUNCT
སྐུ་	སྐུ་	NOUN
དང་	དང་	NO_POS
ཡེ་ཤེས་	ཡེ་ཤེས་	NOUN
ཚོགས་	ཚོགས་	NOUN
ལ་	ལ་	PART
ཕྱག་	ཕྱག་	NOUN
འཚལ་	འཚལ་	VERB
ལོ་	གོ་	PART
༔		PUNCT
འབྱུང་བ་	འབྱུང་བ་	VERB
ལྔ་	ལྔ་	NUM
ལ་	ལ་	ADP
ས་	གིས་	PART
སྐུ་	སྐུ་	NOUN
བཞེངས་པ་	བཞེངས་པ་	VERB
༔		PUNCT
རྟག་པ་	རྟག་པ་	VERB
འི་	གི་	PART
རྒྱལ་མོ་	རྒྱལ་མོ་	OTHER
ལྔ་	ལྔ་	NUM
ལ་	ལ་	PART
ཕྱག་	ཕྱག་	NOUN
འཚལ་	འཚལ་	VERB
ལོ་	གོ་	PART
༔		PUNCT
རང་བཞིན་	རང་བཞིན་	NOUN
དབྱིངས་	དབྱིངས་	NOUN
ལ་	ལ་	ADP
ས་	གིས་	PART
གྲུབ་པ་	གྲུབ་པ་	VERB
མོ་	གོ་	PART
༔		PUNCT
དབྱིངས་	དབྱིངས་	NOUN
ཕྱུག་	ཕྱུག་	VERB
ལྷ་མོ་	ལྷ་མོ་	NOUN
ལྔ་	ལྔ་	NUM
ལ་	ལ་	PART
ཕྱག་	ཕྱག་	NOUN
འཚལ་	འཚལ་	VERB
ལོ་	གོ་	PART
༔		PUNCT
རྒྱུ་འབྲས་	རྒྱུ་འབྲས་	NOUN
བྱང་ཆུབ་	བྱང་ཆུབ་	NOUN
སེམས་པ་	སེམས་པ་	VERB
འི་	གི་	PART
སྤྲུལ་པ་	སྤྲུལ་པ་	VERB
སྟེ་	སྟེ་	PART
༔		PUNCT
མཁའ་འགྲོ་	མཁའ་འགྲོ་	NOUN
སུམ་ཅུ་	སུམ་ཅུ་	OTHER
གཉིས་	གཉིས་	NUM
ལ་	ལ་	PART
ཕྱག་	ཕྱག་	NOUN
འཚལ་	འཚལ་	VERB
ལོ་	གོ་	PART
༔		PUNCT
ག་	ག་	PRON
ཎ་པ་	ཎ་པ་	NON_WORD
ཏིའི་		NON_WORD
སྤྲུལ་པ་	སྤྲུལ་པ་	VERB
སྟེ་	སྟེ་	PART
༔		PUNCT
གིང་		NON_WORD
ཕོ་	ཕོ་	NOUN
རྣམས་	རྣམས་	DET
ལ་	ལ་	PART
ཕྱག་	ཕྱག་	NOUN
འཚལ་	འཚལ་	VERB
ལོ་	གོ་	PART
༔		PUNCT
ལྷ་མོ་	ལྷ་མོ་	NOUN
དཔལ་མོ་	དཔལ་མོ་	PROPN
འི་	གི་	PART
སྤྲུལ་པ་	སྤྲུལ་པ་	VERB
སྟེ་	སྟེ་	PART
༔		PUNCT
གིང་		NON_WORD
མོ་	གོ་	PART
རྣམས་	རྣམས་	DET
ལ་	ལ་	PART
ཕྱག་	ཕྱག་	NOUN
འཚལ་	འཚལ་	VERB
ལོ་	གོ་	PART
༔		PUNCT
འཇིག་རྟེན་	འཇིག་རྟེན་	NOUN
ཁམས་	ཁམས་	NOUN
ལ་	ལ་	PART
མངའ་	མངའ་	VERB
མཛད་	མཛད་	VERB
མ་	མ་	PART
༔		PUNCT
འཇིགས་བྱེད་	འཇིགས་བྱེད་	OTHER
དཔལ་འབར་	དཔལ་འབར་	PROPN
རལ་པ་	རལ་པ་	VERB
ཅན་	ཅན་	PART
༔		PUNCT
འདོད་པ་	འདོད་པ་	VERB
འི་	གི་	PART
རོ་	རོ་	NOUN
ལ་	ལ་	PART
ཆགས་པ་	ཆགས་པ་	VERB
མོ་	གོ་	PART
༔		PUNCT
མ་མོ་	མ་མོ་	NOUN
མཁའ་འགྲོ་	མཁའ་འགྲོ་	NOUN
འི་	གི་	PART
ཚོགས་	ཚོགས་	NOUN
ལ་	ལ་	PART
ཕྱག་	ཕྱག་	NOUN
འཚལ་	འཚལ་	VERB
ལོ་	གོ་	PART
༔		PUNCT
ལེགས་ཉེས་	ལེགས་ཉེས་	OTHER
སྟངས་འཛིན་	སྟངས་འཛིན་	NO_POS
དམ་ཚིག་	དམ་ཚིག་	NOUN
རྗེས་	རྗེས་	NOUN
གཅོད་	གཅོད་	NO_POS
མ་	མ་	PART
༔		PUNCT
བཀའ་	བཀའ་	NOUN
བཞིན་	བཞིན་	NOUN
རྗེས་སུ་	རྗེས་སུ་	OTHER
བསྒྲུབ་པ་	བསྒྲུབ་པ་	VERB
འི་	གི་	PART
གྲོག་	གྲོག་	NOUN
མཛད་	མཛད་	VERB
མ་	མ་	PART
༔		PUNCT
དམ་ཅན་	དམ་ཅན་	NOUN
རྒྱ་མཚོ་	རྒྱ་མཚོ་	NOUN
འི་	གི་	PART
ཚོགས་	ཚོགས་	NOUN
ལ་	ལ་	PART
ཕྱག་	ཕྱག་	NOUN
འཚལ་	འཚལ་	VERB
ལོ་	གོ་	PART
༔		PUNCT
ཨ་ལ་	ཨ་ལ་	ADV
ལ་	ལ་	PART
ཧོ་	ཧོ་	NO_POS
༔		PUNCT
བཅོམ་ལྡན་འདས་	བཅོམ་ལྡན་འདས་	NOUN
དཔལ་	དཔལ་	OTHER
རྡོ་རྗེ་	རྡོ་རྗེ་	NOUN
སེམས་དཔའ་	སེམས་དཔའ་	NOUN
ལ་	ལ་	PART
ཕྱག་	ཕྱག་	NOUN
འཚལ་	འཚལ་	VERB
ལོ་	གོ་	PART
༔		PUNCT
ཨོཾ་	ཨོཾ་	X
བཛྲ་	བཛྲ་	NO_POS
ས་	ས་	ADP
ཏྭ་		NON_WORD
ས་	ས་	ADP
མ་	མ་	PART
ཡ་	ཡ་	NOUN
༔		PUNCT
མ་ནུ་	མ་ནུ་	NO_POS
པཱ་	པཱ་	NO_POS
ལ་	ལ་	PART
ཡ་	ཡ་	NOUN
༔		PUNCT
བཛྲ་	བཛྲ་	NO_POS
ས་	ས་	ADP
ཏྭ་		NON_WORD
ཏྭེ་		NON_WORD
ནོ་པ་	ནོ་པ་	PART
༔		PUNCT
ཏིཥྛ་		NON_WORD
དྲྀ་		NON_WORD
ཌྷོ་		NON_WORD
མེ་	མེ་	NOUN
བྷ་	བྷ་	NO_POS
ཝ་	ཝ་	OTHER
༔		PUNCT
སུ་	ལ་	PART
ཏོ་	གོ་	PART
ཥྱོ་		NON_WORD
མེ་	མེ་	NOUN
བྷ་	བྷ་	NO_POS
ཝ་	ཝ་	OTHER
༔		PUNCT
སུ་པོ་	སུ་པོ་	PART
ཥྱོ་		NON_WORD
མེ་	མེ་	NOUN
བྷ་	བྷ་	NO_POS
ཝ་	ཝ་	OTHER
༔		PUNCT
ཨ་ནུ་	ཨ་ནུ་	NOUN
རཀྟོ་		NON_WORD
མེ་	མེ་	NOUN
བྷ་	བྷ་	NO_POS
ཝ་	ཝ་	OTHER
༔		PUNCT
སརྦ་	སརྦ་	NO_POS
སིདྡྷི་		NON_WORD
མྨེ་		NON_WORD
པྲ་	པྲ་	NOUN
ཡཙྪ་		NON_WORD
༔		PUNCT
སརྦ་	སརྦ་	NO_POS
ཀརྨ་	ཀརྨ་	NO_POS
སུ་	ལ་	PART
ཙ་	ཙ་	NOUN
མེ་	མེ་	NOUN
༔		PUNCT
ཙིཏྟཾ་		NON_WORD
ཤྲཱི་		NON_WORD
ཡཾ་		NON_WORD
༔		PUNCT
ཀུ་རུ་	ཀུ་རུ་	NO_POS
ཧཱུཾ་		NON_WORD
༔		PUNCT
ཧ་	ཧ་	NOUN
ཧ་	ཧ་	NOUN
ཧ་	ཧ་	NOUN
ཧ་	ཧ་	NOUN
ཧོ་	ཧོ་	NO_POS
༔		PUNCT
བྷ་	བྷ་	NO_POS
ག་	ག་	PRON
ཝཱ་	ཝཱ་	NO_POS
ན་	ལ་	PART
སརྦ་	སརྦ་	NO_POS
ཏ་	ཏ་	OTHER
ཐཱ་		NON_WORD
ག་	ག་	PRON
ཏ་	ཏ་	OTHER
བཛྲ་	བཛྲ་	NO_POS
མཱ་	མཱ་	NO_POS
མེ་	མེ་	NOUN
མུཉྩ་		NON_WORD
༔		PUNCT
བཛྲཱི་		NON_WORD
བྷ་	བྷ་	NO_POS
ཝ་	ཝ་	OTHER
མ་	མ་	PART
ཧཱ་		NON_WORD
ས་	ས་	ADP
མ་	མ་	PART
ཡ་	ཡ་	NOUN
ས་	ས་	ADP
ཏྭ་		NON_WORD
ཨ་	ཨ་	X
༔ ༈		PUNCT
དུས་གསུམ་	དུས་གསུམ་	OTHER
བདེ་གཤེགས་	བདེ་གཤེགས་	NOUN
ཐམས་ཅད་	ཐམས་ཅད་	DET
ཀྱི་	གི་	PART
༔		PUNCT
ཡང་སྙིང་	ཡང་སྙིང་	NOUN
ཡི་གེ་	ཡི་གེ་	NOUN
བརྒྱ་པ་	བརྒྱ་པ་	NUM
འདི་	འདི་	DET
༔		PUNCT
བདུན་	བདུན་	NUM
ནམ་	གམ་	PART
ཉི་ཤུ་	ཉི་ཤུ་	NUM
རྩ་	རྩ་	NUM
གཅིག་	གཅིག་	NUM
གམ་	གམ་	PART
༔		PUNCT
བརྒྱ་	བརྒྱ་	NUM
དང་	དང་	NO_POS
རྩ་	རྩ་	NUM
བརྒྱད་	བརྒྱད་	NUM
བརྗོད་	བརྗོད་	VERB
གྱུར་	གྱུར་	VERB
ན་	ལ་	PART
༔		PUNCT
མཚམས་མེད་	མཚམས་མེད་	NOUN
ལྔ་	ལྔ་	NUM
ཡི་	གི་	PART
སྡིག་པ་	སྡིག་པ་	VERB
བྱང་	བྱང་	NOUN
༔		PUNCT
ཉམས་ཆག་	ཉམས་ཆག་	OTHER
ཀུན་	ཀུན་	DET
ཀྱང་	ཀྱང་	PART
བྱང་	བྱང་	NOUN
གྱུར་	གྱུར་	VERB
ན་	ནས་	PART
༔		PUNCT
དུས་གསུམ་	དུས་གསུམ་	OTHER
སངས་རྒྱས་	སངས་རྒྱས་	NOUN
ཐམས་ཅད་	ཐམས་ཅད་	DET
ཀྱིས་	གིས་	PART
༔		PUNCT
སྲ་	སྲ་	NOUN
ཀྱི་	གི་	PART
དམ་པ་	དམ་པ་	VERB
ར་	ལ་	PART
དགོངས་པ་	དགོངས་པ་	VERB
ར་	ལ་	PART
གྱུར་	གྱུར་	VERB
༔		PUNCT
ཧོ་	ཧོ་	NO_POS
༔		PUNCT
རྒྱལ་བ་	རྒྱལ་བ་	NOUN
རྒྱ་མཚོ་	རྒྱ་མཚོ་	NOUN
འི་	གི་	PART
ཚོགས་	ཚོགས་	NOUN
རྣམས་	རྣམས་	DET
དགོངས་	དགོངས་	VERB
༔		PUNCT
རྒྱལ་བ་	རྒྱལ་བ་	NOUN
འི་	གི་	PART
བཀའ་	བཀའ་	NOUN
དང་	དང་	NO_POS
བླ་མ་	བླ་མ་	NOUN
འི་	གི་	PART
ལུང་	ལུང་	NOUN
༔		PUNCT
ཇི་བཞིན་	ཇི་བཞིན་	OTHER
མ་	མ་	PART
སྤྱད་	སྤྱད་	VERB
ལུང་	ལུང་	NOUN
དང་	དང་	NO_POS
འགལ་	འགལ་	VERB
༔		PUNCT
གསང་སྔགས་	གསང་སྔགས་	NOUN
དམ་ཚིག་	དམ་ཚིག་	NOUN
ཉམས་ཆག་	ཉམས་ཆག་	OTHER
རྣམས་	རྣམས་	DET
༔		PUNCT
གནོང་	གནོང་	NO_POS
ཞིང་	ཅིང་	PART
འགྱོད་པ་	འགྱོད་པ་	VERB
འི་	གི་	PART
སེམས་	སེམས་	NOUN
ཀྱིས་	གིས་	PART
ནི་	ནི་	NO_POS
༔		PUNCT
མི་	མི་	PART
འཆབ་	འཆབ་	NO_POS
མི་	མི་	PART
སྦེད་	སྦེད་	NO_POS
མཐོལ་	མཐོལ་	NO_POS
ལོ་	གོ་	PART
བཤགས་	བཤགས་	NO_POS
༔		PUNCT
བླ་མ་	བླ་མ་	NOUN
རྡོ་རྗེ་	རྡོ་རྗེ་	NOUN
སློབ་དཔོན་	སློབ་དཔོན་	NOUN
དང་	དང་	NO_POS
༔		PUNCT
མཆེད་	མཆེད་	NOUN
དང་	དང་	NO_POS
ལྕམ་དྲལ་	ལྕམ་དྲལ་	NOUN
ལ་སོགས་པ་	ལ་སོགས་པ་	NO_POS
༔		PUNCT
ཁམས་	ཁམས་	NOUN
གསུམ་	གསུམ་	NUM
སེམས་ཅན་	སེམས་ཅན་	NOUN
ཐམས་ཅད་	ཐམས་ཅད་	DET
ལ་	ལ་	PART
༔		PUNCT
མཚམས་མེད་	མཚམས་མེད་	NOUN
ལྔ་	ལྔ་	NUM
དང་	དང་	NO_POS
ཉེ་བ་	ཉེ་བ་	VERB
ལྔ་	ལྔ་	NUM
༔		PUNCT
ལྕི་བ་	ལྕི་བ་	VERB
བཞི་	བཞི་	NUM
དང་	དང་	NO_POS
ལོག་པ་	ལོག་པ་	VERB
བརྒྱད་	བརྒྱད་	NUM
༔		PUNCT
མི་དགེ་	མི་དགེ་	NOUN
བཅུ་	བཅུ་	NUM
ཡི་	གི་	PART
ལ་	ལ་	ADP
ས་	གིས་	PART
བགྱི་	བགྱི་	VERB
རྣམས་	རྣམས་	DET
༔		PUNCT
གནོང་	གནོང་	NO_POS
ཞིང་	ཅིང་	PART
འགྱོད་པ་	འགྱོད་པ་	VERB
འི་	གི་	PART
སེམས་	སེམས་	NOUN
ཀྱིས་	གིས་	PART
བཤགས་པ་	བཤགས་པ་	VERB
ར་	ལ་	PART
བགྱི་	བགྱི་	VERB
༔		PUNCT
གསང་སྔགས་	གསང་སྔགས་	NOUN
ཕྱི་	ཕྱི་	NOUN
ནང་	ནང་	NOUN
དཀྱིལ་འཁོར་	དཀྱིལ་འཁོར་	NOUN
དུ་	ལ་	PART
༔		PUNCT
རྡོ་རྗེ་	རྡོ་རྗེ་	NOUN
ཐེག་པ་	ཐེག་པ་	NOUN
འི་	གི་	PART
དམ་	གམ་	PART
བླངས་	བླངས་	VERB
ན་	ནས་	PART
༔		PUNCT
རྡོ་རྗེ་	རྡོ་རྗེ་	NOUN
སློབ་དཔོན་	སློབ་དཔོན་	NOUN
མཆེད་ལྕམ་	མཆེད་ལྕམ་	NOUN
ལ་	ལ་	PART
༔		PUNCT
མ་	མ་	PART
གུ་	གུ་	VERB
ཉེས་པ་	ཉེས་པ་	VERB
ར་	ལ་	PART
བྱ་	བྱ་	VERB
ལ་སོགས་	ལ་སོགས་	NO_POS
༔		PUNCT
སྐུ་	སྐུ་	NOUN
ཡི་དམ་	ཡི་དམ་	NOUN
ཚིག་ཉམས་	ཚིག་ཉམས་	NO_POS
ཆག་	ཆག་	VERB
རྣམས་	རྣམས་	DET
༔		PUNCT
གནོང་	གནོང་	NO_POS
ཞིང་	ཅིང་	PART
འགྱོད་པ་	འགྱོད་པ་	VERB
འི་	གི་	PART
སེམས་	སེམས་	NOUN
ཀྱིས་	གིས་	PART
བཤགས་པ་	བཤགས་པ་	VERB
ར་	ལ་	PART
བགྱི་	བགྱི་	VERB
༔		PUNCT
བསྐྱེད་རྫོགས་	བསྐྱེད་རྫོགས་	NOUN
བཟླས་	བཟླས་	NO_POS
སྒོམ་	སྒོམ་	VERB
བར་ཆོད་	བར་ཆོད་	NOUN
ཅིང་	ཅིང་	PART
༔		PUNCT
ཚོགས་	ཚོགས་	NOUN
དང་	དང་	NO_POS
གཏོར་མ་	གཏོར་མ་	NOUN
ཆག་	ཆག་	VERB
ལ་སོགས་	ལ་སོགས་	NO_POS
༔		PUNCT
གསུང་	གསུང་	VERB
གི་	གི་	PART
དམ་ཚིག་	དམ་ཚིག་	NOUN
ཉམས་ཆག་	ཉམས་ཆག་	OTHER
རྣམས་	རྣམས་	DET
༔		PUNCT
གནོང་	གནོང་	NO_POS
ཞིང་	ཅིང་	PART
འགྱོད་པ་	འགྱོད་པ་	VERB
འི་	གི་	PART
སེམས་	སེམས་	NOUN
ཀྱིས་	གིས་	PART
བཤགས་པ་	བཤགས་པ་	VERB
ར་	ལ་	PART
བགྱི་	བགྱི་	VERB
༔		PUNCT
ཉམས་	ཉམས་	NOUN
དང་	དང་	NO_POS
མ་	མ་	PART
སྨིན་	སྨིན་	VERB
སེམས་ཅན་	སེམས་ཅན་	NOUN
ལ་	ལ་	PART
༔		PUNCT
གསང་བ་	གསང་བ་	VERB
བསྒྲགས་པ་	བསྒྲགས་པ་	VERB
ལ་སོགས་པ་	ལ་སོགས་པ་	NO_POS
༔		PUNCT
ཐུགས་	ཐུགས་	NOUN
ཀྱི་	གི་	PART
དམ་ཚིག་	དམ་ཚིག་	NOUN
ཉམས་ཆག་	ཉམས་ཆག་	OTHER
རྣམས་	རྣམས་	DET
༔		PUNCT
གནོང་	གནོང་	NO_POS
ཞིང་	ཅིང་	PART
འགྱོད་པ་	འགྱོད་པ་	VERB
འི་	གི་	PART
སེམས་	སེམས་	NOUN
ཀྱིས་	གིས་	PART
བཤགས་པ་	བཤགས་པ་	VERB
ར་	ལ་	PART
བགྱི་	བགྱི་	VERB
༔		PUNCT
སྤྱད་	སྤྱད་	VERB
བྱ་	བྱ་	VERB
ལྔ་	ལྔ་	NUM
དང་	དང་	NO_POS
མི་	མི་	PART
སྤང་	སྤང་	VERB
ལྔ་	ལྔ་	NUM
༔		PUNCT
བླང་	བླང་	NO_POS
བྱ་	བྱ་	VERB
ལྔ་	ལྔ་	NUM
དང་	དང་	NO_POS
སྒྲུབ་	སྒྲུབ་	VERB
བྱ་	བྱ་	VERB
ལྔ་	ལྔ་	NUM
༔		PUNCT
ཤེས་པ་	ཤེས་པ་	VERB
ར་	ལ་	PART
བྱ་བ་	བྱ་བ་	VERB
ལྔ་	ལྔ་	NUM
ལ་སོགས་	ལ་སོགས་	NO_POS
༔		PUNCT
ཡན་ལག་	ཡན་ལག་	NOUN
དམ་ཚིག་	དམ་ཚིག་	NOUN
ཉམས་ཆག་	ཉམས་ཆག་	OTHER
རྣམས་	རྣམས་	DET
༔		PUNCT
གནོང་	གནོང་	NO_POS
ཞིང་	ཅིང་	PART
འགྱོད་པ་	འགྱོད་པ་	VERB
འི་	གི་	PART
སེམས་	སེམས་	NOUN
ཀྱིས་	གིས་	PART
བཤགས་པ་	བཤགས་པ་	VERB
ར་	ལ་	PART
བགྱི་	བགྱི་	VERB
༔		PUNCT
ཉ་སྟོང་	ཉ་སྟོང་	NO_POS
ཚེ་	ཚེ་	NOUN
བརྒྱད་	བརྒྱད་	NUM
ལ་སོགས་	ལ་སོགས་	NO_POS
དུས་	དུས་	NOUN
ཀྱི་	གི་	PART
མཆོད་པ་	མཆོད་པ་	VERB
ཆག་	ཆག་	VERB
༔		PUNCT
བསྙེན་	བསྙེན་	VERB
བསྒྲུབ་	བསྒྲུབ་	VERB
ཏིང་འཛིན་	ཏིང་འཛིན་	NOUN
མ་	མ་	PART
གསལ་	གསལ་	VERB
ལྟ་བ་	ལྟ་བ་	VERB
ལོག་	ལོག་	VERB
༔		PUNCT
ཕུད་	ཕུད་	NO_POS
དང་	དང་	NO_POS
གཙང་སྦྲ་	གཙང་སྦྲ་	NOUN
མ་	མ་	PART
མཆིས་	མཆིས་	VERB
འབགས་	འབགས་	NO_POS
གཙོགས་	གཙོགས་	NO_POS
ཤོ་	ཤོ་	NOUN
ར་	ལ་	PART
༔		PUNCT
ལེ་ལོ་	ལེ་ལོ་	NOUN
སེར་སྣ་	སེར་སྣ་	NOUN
འི་	གི་	PART
དབང་	དབང་	NOUN
དུ་	ལ་	PART
གྱུར་པ་	གྱུར་པ་	VERB
རྣམས་	རྣམས་	DET
༔		PUNCT
གནོང་	གནོང་	NO_POS
ཞིང་	ཅིང་	PART
འགྱོད་པ་	འགྱོད་པ་	VERB
འི་	གི་	PART
སེམས་	སེམས་	NOUN
ཀྱིས་	གིས་	PART
བཤགས་པ་	བཤགས་པ་	VERB
ར་	ལ་	PART
བགྱི་	བགྱི་	VERB
༔		PUNCT
འདི་	འདི་	DET
ན་	ནས་	PART
བཟུང་	བཟུང་	NO_POS
སྟེ་	སྟེ་	PART
བྱང་ཆུབ་	བྱང་ཆུབ་	NOUN
མཆིས་	མཆིས་	VERB
ཀྱི་	གི་	PART
བ་	བ་	NOUN
༔		PUNCT
སྡིག་པ་	སྡིག་པ་	VERB
མི་དགེ་	མི་དགེ་	NOUN
འི་	གི་	PART
ལ་	ལ་	ADP
ས་	གིས་	PART
སུ་	ལ་	PART
གྱུར་པ་	གྱུར་པ་	VERB
ཀུན་	ཀུན་	DET
༔		PUNCT
ལུས་	ལུས་	NOUN
དང་	དང་	NO_POS
སྲོག་	སྲོག་	NOUN
ལ་	ལ་	PART
བབ་	བབ་	VERB
ཀྱང་	ཀྱང་	PART
མི་	མི་	PART
བགྱིད་པ་	བགྱིད་པ་	VERB
འི་	གི་	PART
༔		PUNCT
རྒྱལ་བ་	རྒྱལ་བ་	NOUN
ཁྱེད་	ཁྱེད་	PRON
ཀྱི་	གི་	PART
སྤྱན་སྔ་	སྤྱན་སྔ་	PROPN
ར་	ལ་	PART
དམ་བཅ་	དམ་བཅའ་	NOUN
འོ་	གོ་	PART
༔		PUNCT
ཁྱེད་	ཁྱེད་	PRON
ཀྱང་	ཀྱང་	PART
ཐུགས་རྗེ་	ཐུགས་རྗེ་	NOUN
ས་	གིས་	PART
བཏང་སྙོམས་	བཏང་སྙོམས་	NOUN
མ་	མ་	PART
མཛད་པ་	མཛད་པ་	VERB
ར་	ལ་	PART
༔		PUNCT
བྱམས་བརྩེ་	བྱམས་བརྩེ་	OTHER
ལྡན་པ་	ལྡན་པ་	VERB
ས་	གིས་	PART
བུ་	བུ་	NOUN
བཞིན་	བཞིན་	NOUN
བསྐྱབ་	བསྐྱབ་	NO_POS
ཏུ་	ལ་	PART
གསོལ་	གསོལ་	VERB
༔		PUNCT
དེ་ལྟ་	དེ་ལྟ་	NO_POS
མཐོལ་	མཐོལ་	NO_POS
ཞིང་	ཅིང་	PART
བཤགས་པ་	བཤགས་པ་	VERB
ཡི་	གིས་	PART
༔		PUNCT
བདག་ཅག་	བདག་ཅག་	PRON
གསང་སྔགས་	གསང་སྔགས་	NOUN
སྒོ་		
ཞུགས་	ཞུགས་	VERB
རྣམས་	རྣམས་	DET
༔		PUNCT
རྩ་བ་	རྩ་བ་	NOUN
ཡན་ལག་	ཡན་ལག་	NOUN
དམ་ཚིག་	དམ་ཚིག་	NOUN
གི་	གི་	PART
༔		PUNCT
ཉམས་ཆག་	ཉམས་ཆག་	OTHER
ཐམས་ཅད་	ཐམས་ཅད་	DET
བསྐང་	བསྐང་	NO_POS
གྱུར་ཅིག་	གྱུར་ཅིག་	NO_POS
༔		PUNCT
མཆོག་	མཆོག་	ADJ
དང་	དང་	NO_POS
ཐུན་མོང་	ཐུན་མོང་	ADJ
ལ་སོགས་	ལ་སོགས་	NO_POS
ཏེ་	སྟེ་	PART
༔		PUNCT
དངོས་གྲུབ་	དངོས་གྲུབ་	NOUN
ཐམས་ཅད་	ཐམས་ཅད་	DET
ཐོབ་	ཐོབ་	VERB
གྱུར་ཅིག་	གྱུར་ཅིག་	NO_POS
༔		PUNCT
ཏ་	ཏ་	OTHER
ན་	ལ་	PART
ག་	ག་	PRON
ན་	ན་	ADP
འི་	གི་	PART
ལྟ་སྤྱོད་	ལྟ་སྤྱོད་	NOUN
དབང་	དབང་	NOUN
༔		PUNCT
སེམས་	སེམས་	NOUN
ཀྱི་	གི་	PART
རྟོགས་པ་	རྟོགས་པ་	VERB
ཐོབ་	ཐོབ་	VERB
གྱུར་ཅིག་	གྱུར་ཅིག་	NO_POS
༔		PUNCT
དེ་ལྟ་	དེ་ལྟ་	NO_POS
བུ་	བུ་	NOUN
ཡི་	གི་	PART
འགྱོད་ཚངས་	འགྱོད་ཚངས་	NOUN
ཀྱིས་	གིས་	PART
༔		PUNCT
བདག་	བདག་	PRON
དང་	དང་	NO_POS
འགྲོ་	འགྲོ་	VERB
དྲུག་	དྲུག་	NUM
སེམས་ཅན་	སེམས་ཅན་	NOUN
རྣམས་	རྣམས་	DET
༔		PUNCT
ལུས་ངག་	ལུས་ངག་	NOUN
ཡིད་	ཡིད་	NOUN
གསུམ་	གསུམ་	NUM
སྒྲིབ་	སྒྲིབ་	NOUN
བྱང་	བྱང་	NOUN
ན་	ནས་	PART
༔		PUNCT
ན་	ལ་	PART
རག་	རག་	VERB
གནས་	གནས་	NOUN
ཀྱང་	ཀྱང་	PART
དོང་	དོང་	VERB
སྤྲུགས་	སྤྲུགས་	VERB
ཏེ་	སྟེ་	PART
༔		PUNCT
འགྲོ་	འགྲོ་	VERB
དྲུག་	དྲུག་	NUM
གནས་	གནས་	NOUN
ན་	ནས་	PART
ཐ་	ཐ་	VERB
གྱུར་ཅིག་	གྱུར་ཅིག་	NO_POS
༔		PUNCT
ལམ་	གམ་	PART
ལྔ་	ལྔ་	NUM
ས་བཅུ་	ས་བཅུ་	NO_POS
འི་	གི་	PART
རིམ་པ་	རིམ་པ་	NOUN
རྣམས་	རྣམས་	DET
༔		PUNCT
སྐད་ཅིག་	སྐད་ཅིག་	OTHER
ཉིད་	ཉིད་	DET
ལ་	ལ་	PART
བགྲོད་	བགྲོད་	VERB
གྱུར་ཅིག་	གྱུར་ཅིག་	NO_POS
༔		PUNCT
རིག་འཛིན་	རིག་འཛིན་	OTHER
རྒྱལ་བ་	རྒྱལ་བ་	NOUN
འི་	གི་	PART
ཞིང་	ཅིང་	PART
དུ་	ལ་	PART
གྲག་	གྲག་	VERB
༔		PUNCT
སངས་རྒྱས་	སངས་རྒྱས་	NOUN
སྐུ་གསུམ་	སྐུ་གསུམ་	OTHER
ཐོབ་པ་	ཐོབ་པ་	VERB
ར་	ལ་	PART
ཤོག་	ཤོག་	VERB
༔		PUNCT
དེ་ལས་	དེ་ལས་	NO_POS
བྱུང་བ་	བྱུང་བ་	VERB
འི་	གི་	PART
དགེ་བ་	དགེ་བ་	VERB
ཡི་	གིས་	PART
༔		PUNCT
གསང་སྔགས་	གསང་སྔགས་	NOUN
རྡོ་རྗེ་	རྡོ་རྗེ་	NOUN
ཐེག་པ་	ཐེག་པ་	NOUN
རྣམས་	རྣམས་	DET
༔		PUNCT
བཀའ་	བཀའ་	NOUN
བཙན་	བཙན་	VERB
བྱིན་	བྱིན་	VERB
ཆེན་	ཆེན་	NO_POS
ད་	ད་	NOUN
གྱུར་ཅིག་	གྱུར་ཅིག་	NO_POS
༔		PUNCT
ཀུན་	ཀུན་	DET
ཀྱང་	ཀྱང་	PART
སངས་རྒྱས་	སངས་རྒྱས་	NOUN
ཐོབ་པ་	ཐོབ་པ་	VERB
ར་	ལ་	PART
ཤོག་	ཤོག་	VERB
༔		PUNCT
གསང་སྔགས་	གསང་སྔགས་	NOUN
འདི་	འདི་	DET
བསྒྲགས་	བསྒྲགས་	NO_POS
རྒྱལ་ཁམས་	རྒྱལ་ཁམས་	NOUN
སུ་	ལ་	PART
༔		PUNCT
མི་	མི་	PART
ནད་	ནད་	NOUN
ཕྱུགས་ནད་	ཕྱུགས་ནད་	NOUN
ཞི་	ཞི་	VERB
གྱུར་ཅིག་	གྱུར་ཅིག་	NO_POS
༔		PUNCT
མི་	མི་	PART
དང་	དང་	NO_POS
ལོ་ཕྱུགས་	ལོ་ཕྱུགས་	NOUN
ལེགས་	ལེགས་	VERB
གྱུར་ཅིག་	གྱུར་ཅིག་	NO_POS
༔		PUNCT
དགེ་འདུན་	དགེ་འདུན་	NOUN
དགེ་	དགེ་	NOUN
བཅུ་	བཅུ་	NUM
སྤྱོད་	སྤྱོད་	VERB
གྱུར་ཅིག་	གྱུར་ཅིག་	NO_POS
༔ ༈		PUNCT
ཡེ་	ཡེ་	ADV
དྷརྨཱ་		NON_WORD
ཧེ་	ཧེ་	INTJ
ཏུ་	ལ་	PART
པྲ་	པྲ་	NOUN
བྷ་	བྷ་	NO_POS
ཝཱ་	ཝཱ་	NO_POS
༔		PUNCT
ཧེ་	ཧེ་	INTJ
ཏུནྟེ་		NON_WORD
ཥཱནྟ་		NON_WORD
ཐཱ་		NON_WORD
ག་	ག་	PRON
ཏོ་	གོ་	PART
ཧྱ་བ་	ཧྱ་བ་	NON_WORD
དཏ་		NON_WORD
༔		PUNCT
ཏེ་	སྟེ་	PART
ཥཉྩ་		NON_WORD
ཡོ་	ཡོ་	OTHER
ནོ་	གོ་	PART
རོ་	རོ་	NOUN
དྷ་		NON_WORD
ཨེ་ཝཾ་	ཨེ་ཝཾ་	X
བཱ་	བཱ་	NO_POS
དཱི་		NON_WORD
མ་	མ་	PART
ཧཱ་		NON_WORD
ཤྲ་		NON_WORD
མ་	མ་	PART
ཎཿ་		NON_WORD
ཨོཾ་	ཨོཾ་	X
སུ་	ལ་	PART
པྲ་	པྲ་	NOUN
ཏིཥྛ་		NON_WORD
བཛྲཱ་		NON_WORD
ཡེ་	ཡེ་	ADV
སྭཱཧཱ་		NON_WORD
༔		PUNCT
ཞེ་	ཅེས་	PART
གསུངས་	གསུངས་	VERB
སོ་	གོ་	PART
༔		PUNCT
རྣལ་འབྱོར་	རྣལ་འབྱོར་	NOUN
གྱི་	གི་	PART
སྤྱི་	སྤྱི་	DET
ཁྲུ་	ཁྲུ་	NOUN
༔		PUNCT
ན་	ལ་	PART
རག་	རག་	VERB
དོང་	དོང་	VERB
སྤྲུགས་	སྤྲུགས་	VERB
འགྱོད་ཚངས་	འགྱོད་ཚངས་	NOUN
ཀྱི་	གི་	PART
རྒྱལ་པོ་	རྒྱལ་པོ་	NOUN
༔		PUNCT
སློབ་དཔོན་	སློབ་དཔོན་	NOUN
པདྨ་	པདྨ་	NOUN
ས་	གིས་	PART
ཇོ་མོ་	ཇོ་མོ་	NOUN
མཚོ་	མཚོ་	NOUN
རྒྱལ་	རྒྱལ་	VERB
ལ་	ལ་	PART
ཐུགས་དམ་	ཐུགས་དམ་	NOUN
ནར་མ་	ནར་མ་	ADJ
ར་	ལ་	PART
གདམས་པ་	གདམས་པ་	VERB
འོ་	གོ་	PART
༔		PUNCT
གསང་སྔགས་	གསང་སྔགས་	NOUN
འདི་	འདི་	DET
ལན་	ལན་	NOUN
གཅིག་	གཅིག་	NUM
བརྗོད་པ་	བརྗོད་པ་	VERB
ཙམ་	ཙམ་	DET
གྱིས་	གིས་	PART
ཀྱང་	ཀྱང་	PART
མཚམས་མེད་པ་	མཚམས་མེད་པ་	NOUN
ལྔ་	ལྔ་	NUM
ཡང་	ཀྱང་	PART
དུང་	དུང་	NOUN
ཕྱིས་པ་	ཕྱིས་པ་	VERB
ལྟ་	ལྟ་	OTHER
འགྱུར་	འགྱུར་	VERB
༔		PUNCT
དགོངས་	དགོངས་	VERB
འདུ་	འདུ་	VERB
ཀློང་ཆེན་	ཀློང་ཆེན་	PROPN
རྒྱུད་	རྒྱུད་	NOUN
ན་	ནས་	PART
གསུངས་	གསུངས་	VERB
སོ་	གོ་	PART
༔		PUNCT
དེ་བ་	དེ་བ་	OTHER
ས་	གིས་	PART
འདི་	འདི་	DET
ལ་	ལ་	PART
ཡི་དམ་	ཡི་དམ་	NOUN
བྱེད་པ་	བྱེད་པ་	VERB
གལ་ཆེ་	གལ་ཆེ་	OTHER
༔		PUNCT
སྤྲུལ་སྐུ་	སྤྲུལ་སྐུ་	NOUN
ཉང་	ཉང་	OTHER
གི་	གི་	PART
གཏེར་མ་	གཏེར་མ་	OTHER
འོ་	གོ་	PART
༔		PUNCT
ས་	ས་	ADP
མ་	མ་	PART
ཡ་	ཡ་	NOUN
༔		PUNCT
རྒྱ་	རྒྱ་	NOUN
རྒྱ་	རྒྱ་	NOUN
རྒྱ་	རྒྱ་	NOUN
༔		PUNCT
